국세청_대분류코드,국세청_대분류,국세청_중분류코드,국세청_중분류,국세청_소분류코드,국세청_소분류,KSIC10_코드,KSIC10_대분류코드,KSIC10_대분류,KSIC10_중분류코드,KSIC10_중분류,KSIC10_소분류코드,KSIC10_소분류,KSIC9_코드,KSIC9_항목명,산업명,IPC_CODE
A,"농업, 임업 및 어업",1.0,농업,11.0,작물 재배업,1110.0,A,"농업, 임업 및 어업",1.0,농업,11.0,작물 재배업,1110.0,곡물 및 기타 식량 작물 재배업,농림어업,IC = (A01B-027* or A01B-002* or A01C* or A01D* or A01G* or A01H* or A01K*)
A,"농업, 임업 및 어업",1.0,농업,12.0,축산업,1212.0,A,"농업, 임업 및 어업",1.0,농업,12.0,축산업,1212.0,육우 사육업,농림어업,IC = (A01B-027* or A01B-002* or A01C* or A01D* or A01G* or A01H* or A01K*)
A,"농업, 임업 및 어업",1.0,농업,14.0,작물재배 및 축산 관련 서비스업,1420.0,A,"농업, 임업 및 어업",1.0,농업,14.0,작물재배 및 축산 관련 서비스업,1420.0,축산 관련 서비스업,농림어업,IC = (A01B-027* or A01B-002* or A01C* or A01D* or A01G* or A01H* or A01K*)
A,"농업, 임업 및 어업",1.0,농업,14.0,작물재배 및 축산 복합농업,1300.0,A,"농업, 임업 및 어업",1.0,농업,13.0,작물재배 및 축산 복합농업,1300.0,작물재배 및 축산 복합농업,농림어업,IC = (A01B-027* or A01B-002* or A01C* or A01D* or A01G* or A01H* or A01K*)
A,"농업, 임업 및 어업",1.0,농업,15.0,수렵 및 관련 서비스업,1500.0,A,"농업, 임업 및 어업",1.0,농업,15.0,수렵 및 관련 서비스업,1500.0,수렵 및 관련 서비스업,농림어업,IC = (A01B-027* or A01B-002* or A01C* or A01D* or A01G* or A01H* or A01K*)
A,"농업, 임업 및 어업",2.0,임업,20.0,임업,2011.0,A,"농업, 임업 및 어업",2.0,임업,20.0,임업,2011.0,임업용 종묘 생산업,농림어업,IC = (A01B-027* or A01B-002* or A01C* or A01D* or A01G* or A01H* or A01K*)
A,"농업, 임업 및 어업",5.0,어업,51.0,어로 어업,3112.0,A,"농업, 임업 및 어업",3.0,어업,31.0,어로 어업,3112.0,연근해 어업,농림어업,IC = (A01B-027* or A01B-002* or A01C* or A01D* or A01G* or A01H* or A01K*)
A,"농업, 임업 및 어업",5.0,어업,52.0,양식어업 및 어업관련 서비스업,3211.0,A,"농업, 임업 및 어업",3.0,어업,32.0,양식어업 및 어업관련 서비스업,3211.0,해면 양식 어업,농림어업,IC = (A01B-027* or A01B-002* or A01C* or A01D* or A01G* or A01H* or A01K*)
B,광업,10.0,"석탄, 원유 및 천연가스 광업",101.0,석탄 광업,5100.0,B,광업,5.0,"석탄, 원유 및 천연가스 광업",51.0,석탄 광업,5100.0,석탄 광업,광업,IC = (C22B* or E21D*)
B,광업,10.0,비금속광물 광업; 연료용 제외,101.0,기타 비금속광물 광업,7290.0,B,광업,7.0,비금속광물 광업; 연료용 제외,72.0,기타 비금속광물 광업,7290.0,그 외 기타 비금속 광물 광업,광업,IC = (C22B* or E21D*)
B,광업,13.0,금속 광업,131.0,철 광업,6100.0,B,광업,6.0,금속 광업,61.0,철 광업,6100.0,철 광업,광업,IC = (C22B* or E21D*)
B,광업,13.0,금속 광업,131.0,비철금속 광업,6200.0,B,광업,6.0,금속 광업,62.0,비철금속 광업,6210.0,우라늄 및 토륨 광업,광업,IC = (C22B* or E21D*)
B,광업,14.0,비금속광물 광업; 연료용 제외,141.0,토사석 광업,7121.0,B,광업,7.0,비금속광물 광업; 연료용 제외,71.0,토사석 광업,7121.0,건설용 석재 채굴업,광업,IC = (C22B* or E21D*)
B,광업,14.0,"석탄, 원유 및 천연가스 광업",142.0,원유 및 천연가스 채굴업,5200.0,B,광업,5.0,"석탄, 원유 및 천연가스 광업",52.0,원유 및 천연가스 채굴업,5200.0,원유 및 천연가스 채굴업,광업,IC = (C22B* or E21D*)
B,광업,14.0,광업 지원 서비스업,142.0,광업 지원 서비스업,8000.0,B,광업,8.0,광업 지원 서비스업,80.0,광업 지원 서비스업,8010.0,원유 및 천연가스 채굴관련 서비스업,광업,IC = (C22B* or E21D*)
C,제조업,15.0,식료품 제조업,151.0,"도축, 육류 가공 및 저장 처리업",10111.0,C,제조업,10.0,식료품 제조업,101.0,"도축, 육류 가공 및 저장 처리업",10110.0,도축업,식료품 제조업,IC = (A21D* or A23B* or A23C* or A23D* or A23F* or A23G* or A23J* or A23K* or A23L* or A23P* or C12J* or C13B* or C13K*)
C,제조업,15.0,식료품 제조업,151.0,수산물 가공 및 저장 처리업,10212.0,C,제조업,10.0,식료품 제조업,102.0,수산물 가공 및 저장 처리업,10212.0,수산동물 건조 및 염장품 제조업,식료품 제조업,IC = (A21D* or A23B* or A23C* or A23D* or A23F* or A23G* or A23J* or A23K* or A23L* or A23P* or C12J* or C13B* or C13K*)
C,제조업,15.0,식료품 제조업,151.0,"과실, 채소 가공 및 저장 처리업",10301.0,C,제조업,10.0,식료품 제조업,103.0,"과실, 채소 가공 및 저장 처리업",10301.0,과실 및 채소 절임식품 제조업,식료품 제조업,IC = (A21D* or A23B* or A23C* or A23D* or A23F* or A23G* or A23J* or A23K* or A23L* or A23P* or C12J* or C13B* or C13K*)
C,제조업,15.0,식료품 제조업,151.0,동물성 및 식물성 유지 제조업,10402.0,C,제조업,10.0,식료품 제조업,104.0,동물성 및 식물성 유지 제조업,10402.0,식물성 유지 제조업,식료품 제조업,IC = (A21D* or A23B* or A23C* or A23D* or A23F* or A23G* or A23J* or A23K* or A23L* or A23P* or C12J* or C13B* or C13K*)
C,제조업,15.0,식료품 제조업,152.0,낙농제품 및 식용 빙과류 제조업,10501.0,C,제조업,10.0,식료품 제조업,105.0,낙농제품 및 식용 빙과류 제조업,10501.0,액상시유 및 기타 낙농제품 제조업,식료품 제조업,IC = (A21D* or A23B* or A23C* or A23D* or A23F* or A23G* or A23J* or A23K* or A23L* or A23P* or C12J* or C13B* or C13K*)
C,제조업,15.0,식료품 제조업,153.0,"곡물 가공품, 전분 및 전분제품 제조업",10619.0,C,제조업,10.0,식료품 제조업,106.0,"곡물 가공품, 전분 및 전분제품 제조업",10619.0,기타 곡물 가공품 제조업,식료품 제조업,IC = (A21D* or A23B* or A23C* or A23D* or A23F* or A23G* or A23J* or A23K* or A23L* or A23P* or C12J* or C13B* or C13K*)
C,제조업,15.0,식료품 제조업,153.0,동물용 사료 및 조제식품 제조업,10802.0,C,제조업,10.0,식료품 제조업,108.0,동물용 사료 및 조제식품 제조업,10800.0,동물용 사료 및 조제식품 제조업,식료품 제조업,IC = (A21D* or A23B* or A23C* or A23D* or A23F* or A23G* or A23J* or A23K* or A23L* or A23P* or C12J* or C13B* or C13K*)
C,제조업,15.0,식료품 제조업,153.0,기타 식품 제조업,10751.0,C,제조업,10.0,식료품 제조업,107.0,기타 식품 제조업,10798.0,도시락 및 식사용 조리식품 제조업,식료품 제조업,IC = (A21D* or A23B* or A23C* or A23D* or A23F* or A23G* or A23J* or A23K* or A23L* or A23P* or C12J* or C13B* or C13K*)
C,제조업,15.0,음료 제조업,155.0,알코올 음료 제조업,11121.0,C,제조업,11.0,음료 제조업,111.0,알코올 음료 제조업,11121.0,주정 제조업,음료제조업,IC = (C12C* or C12F* or C12G* or C12H*)
C,제조업,15.0,음료 제조업,155.0,비알코올 음료 및 얼음 제조업,11209.0,C,제조업,11.0,음료 제조업,112.0,비알코올 음료 및 얼음 제조업,11209.0,기타 비알코올음료 제조업,음료제조업,IC = (C12C* or C12F* or C12G* or C12H*)
C,제조업,16.0,담배 제조업,160.0,담배 제조업,12000.0,C,제조업,12.0,담배 제조업,120.0,담배 제조업,12001.0,담배 재건조업,담배제조업,IC = (A24B* or A24D* or A24F*)
C,제조업,17.0,섬유제품 제조업; 의복 제외,171.0,방적 및 가공사 제조업,13103.0,C,제조업,13.0,섬유제품 제조업; 의복 제외,131.0,방적 및 가공사 제조업,13103.0,화학섬유 방적업,섬유제품 제조업 :의복제외,IC = (D04D* or D04G* or D04H* or D06C* or D06J* or D06M* or D06N* or D06P* or D06Q*)
C,제조업,17.0,섬유제품 제조업; 의복 제외,171.0,직물 직조 및 직물제품 제조업,13213.0,C,제조업,13.0,섬유제품 제조업; 의복 제외,132.0,직물 직조 및 직물제품 제조업,13213.0,화학섬유 직물직조업,섬유제품 제조업 :의복제외,IC = (D04D* or D04G* or D04H* or D06C* or D06J* or D06M* or D06N* or D06P* or D06Q*)
C,제조업,17.0,섬유제품 제조업; 의복 제외,171.0,"섬유제품 염색, 정리 및 마무리 가공업",13402.0,C,제조업,13.0,섬유제품 제조업; 의복 제외,134.0,"섬유제품 염색, 정리 및 마무리 가공업",13402.0,직물 및 편조원단 염색 가공업,섬유제품 제조업 :의복제외,IC = (D04D* or D04G* or D04H* or D06C* or D06J* or D06M* or D06N* or D06P* or D06Q*)
C,제조업,17.0,자동차 및 트레일러 제조업,172.0,자동차 신품 부품 제조업,30393.0,C,제조업,30.0,자동차 및 트레일러 제조업,303.0,자동차 신품 부품 제조업,32011.0,운송장비용 의자 제조업,자동차 제조업,IC = (B60B* or B60D* or B60F* or B60G* or B60H* or B60J* or B60K* or B60N* or B60P* or B60R* or B60T* or B60W* or B62D* or E05F* or F02M* or F02N* or F02P* or F16J* or G05G* or (B60L* not (B60L-013*)) or (B60S* not (B60S-003*)))
C,제조업,17.0,섬유제품 제조업; 의복 제외,172.0,기타 섬유제품 제조업,13910.0,C,제조업,13.0,섬유제품 제조업; 의복 제외,139.0,기타 섬유제품 제조업,13910.0,"카펫, 마루덮개 및 유사제품 제조업",섬유제품 제조업 :의복제외,IC = (D04D* or D04G* or D04H* or D06C* or D06J* or D06M* or D06N* or D06P* or D06Q*)
C,제조업,17.0,"의복, 의복 액세서리 및 모피제품 제조업",173.0,편조의복 제조업,14300.0,C,제조업,14.0,"의복, 의복 액세서리 및 모피제품 제조업",143.0,편조의복 제조업,14300.0,편조의복 제조업,"의복, 의복 액세서리 및 모피제품 제조업",IC = (A41B* or A41C* or A41D* or A41F* or A42C-005* or (A42B* not (A42B-003*)))
C,제조업,17.0,섬유제품 제조업; 의복 제외,173.0,편조 원단 제조업,13300.0,C,제조업,13.0,섬유제품 제조업; 의복 제외,133.0,편조 원단 제조업,13310.0,편조원단 제조업,섬유제품 제조업 :의복제외,IC = (D04D* or D04G* or D04H* or D06C* or D06J* or D06M* or D06N* or D06P* or D06Q*)
C,제조업,17.0,"의복, 의복 액세서리 및 모피제품 제조업",173.0,의복 액세서리 제조업,14411.0,C,제조업,14.0,"의복, 의복 액세서리 및 모피제품 제조업",144.0,의복 액세서리 제조업,14411.0,스타킹 및 기타양말 제조업,"의복, 의복 액세서리 및 모피제품 제조업",IC = (A41B* or A41C* or A41D* or A41F* or A42C-005* or (A42B* not (A42B-003*)))
C,제조업,18.0,"의복, 의복 액세서리 및 모피제품 제조업",181.0,봉제의복 제조업,14111.0,C,제조업,14.0,"의복, 의복 액세서리 및 모피제품 제조업",141.0,봉제의복 제조업,14111.0,남자용 정장 제조업,"의복, 의복 액세서리 및 모피제품 제조업",IC = (A41B* or A41C* or A41D* or A41F* or A42C-005* or (A42B* not (A42B-003*)))
C,제조업,18.0,"의복, 의복 액세서리 및 모피제품 제조업",182.0,모피제품 제조업,14200.0,C,제조업,14.0,"의복, 의복 액세서리 및 모피제품 제조업",142.0,모피제품 제조업,14202.0,천연 모피제품 제조업,"의복, 의복 액세서리 및 모피제품 제조업",IC = (A41B* or A41C* or A41D* or A41F* or A42C-005* or (A42B* not (A42B-003*)))
C,제조업,19.0,"가죽, 가방 및 신발 제조업",191.0,"가죽, 가방 및 유사 제품 제조업",15110.0,C,제조업,15.0,"가죽, 가방 및 신발 제조업",151.0,"가죽, 가방 및 유사 제품 제조업",14201.0,원모피 가공업,"가죽, 가방 및 신발제조업",IC = (A43B* or A43C* or A45C* or B68B* or B68C*)
C,제조업,19.0,"가죽, 가방 및 신발 제조업",192.0,신발 및 신발 부분품 제조업,15211.0,C,제조업,15.0,"가죽, 가방 및 신발 제조업",152.0,신발 및 신발 부분품 제조업,15211.0,구두류 제조업,"가죽, 가방 및 신발제조업",IC = (A43B* or A43C* or A45C* or B68B* or B68C*)
C,제조업,20.0,목재 및 나무제품 제조업; 가구 제외,201.0,제재 및 목재 가공업,16101.0,C,제조업,16.0,목재 및 나무제품 제조업; 가구 제외,161.0,제재 및 목재 가공업,16101.0,일반 제재업,목재 및 나무제품제조업; 가구제외,IC = (A44C-023* or B27D* or B27K* or B27H* or B27M* or B27N* or E04G*)
C,제조업,20.0,목재 및 나무제품 제조업; 가구 제외,202.0,나무제품 제조업,16212.0,C,제조업,16.0,목재 및 나무제품 제조업; 가구 제외,162.0,나무제품 제조업,16212.0,강화 및 재생 목재 제조업,목재 및 나무제품제조업; 가구제외,IC = (A44C-023* or B27D* or B27K* or B27H* or B27M* or B27N* or E04G*)
C,제조업,20.0,목재 및 나무제품 제조업; 가구 제외,202.0,코르크 및 조물 제품 제조업,16300.0,C,제조업,16.0,목재 및 나무제품 제조업; 가구 제외,163.0,코르크 및 조물 제품 제조업,16301.0,코르크 제품 제조업,목재 및 나무제품제조업; 가구제외,IC = (A44C-023* or B27D* or B27K* or B27H* or B27M* or B27N* or E04G*)
C,제조업,21.0,"펄프, 종이 및 종이제품 제조업",210.0,"펄프, 종이 및 판지 제조업",17121.0,C,제조업,17.0,"펄프, 종이 및 종이제품 제조업",171.0,"펄프, 종이 및 판지 제조업",17121.0,신문용지 제조업,"펄프, 종이 및 종이제품 제조업",IC = (B42F* or D21C* or D21H* or D21J*)
C,제조업,21.0,"펄프, 종이 및 종이제품 제조업",210.0,"골판지, 종이 상자 및 종이 용기 제조업",17211.0,C,제조업,17.0,"펄프, 종이 및 종이제품 제조업",172.0,"골판지, 종이 상자 및 종이 용기 제조업",17210.0,골판지 및 골판지 상자 제조업,"펄프, 종이 및 종이제품 제조업",IC = (B42F* or D21C* or D21H* or D21J*)
C,제조업,21.0,"펄프, 종이 및 종이제품 제조업",210.0,기타 종이 및 판지 제품 제조업,17909.0,C,제조업,17.0,"펄프, 종이 및 종이제품 제조업",179.0,기타 종이 및 판지 제품 제조업,17909.0,그 외 기타 종이 및 판지 제품 제조업,"펄프, 종이 및 종이제품 제조업",IC = (B42F* or D21C* or D21H* or D21J*)
C,제조업,22.0,인쇄 및 기록매체 복제업,222.0,인쇄 및 인쇄관련 산업,18111.0,C,제조업,18.0,인쇄 및 기록매체 복제업,181.0,인쇄 및 인쇄관련 산업,18111.0,경 인쇄업,인쇄 및 기록매체복제업,IC = (B41M* or B42D*)
C,제조업,22.0,인쇄 및 기록매체 복제업,223.0,기록매체 복제업,18200.0,C,제조업,18.0,인쇄 및 기록매체 복제업,182.0,기록매체 복제업,18200.0,기록매체 복제업,인쇄 및 기록매체복제업,IC = (B41M* or B42D*)
C,제조업,23.0,"코크스, 연탄 및 석유정제품 제조업",231.0,코크스 및 연탄 제조업,19101.0,C,제조업,19.0,"코크스, 연탄 및 석유정제품 제조업",191.0,코크스 및 연탄 제조업,19101.0,코크스 및 관련 제품 제조업,"코크스, 연탄 및 석유정제품 제조업",IC = (C10G* or C10L*)
C,제조업,23.0,"코크스, 연탄 및 석유정제품 제조업",232.0,석유 정제품 제조업,19210.0,C,제조업,19.0,"코크스, 연탄 및 석유정제품 제조업",192.0,석유 정제품 제조업,19210.0,원유 정제처리업,"코크스, 연탄 및 석유정제품 제조업",IC = (C10G* or C10L*)
C,제조업,23.0,화학 물질 및 화학제품 제조업; 의약품 제외,232.0,기초 화학물질 제조업,20129.0,C,제조업,20.0,화학물질 및 화학제품 제조업; 의약품 제외,201.0,기초 화학물질 제조업,20129.0,기타 기초 무기 화학물질 제조업,기초 화학물질제조업,IC = (C01C* or C01D* or C01F* or C01G* or C07B* or C07C* or C07F* or C07G* or C07H* or C09B* or C09C* or C10B* or C10C* or C10H* or C10J* or C10K* or C25B* or G21G* or G21J*)
C,제조업,24.0,화학 물질 및 화학제품 제조업; 의약품 제외,241.0,"비료, 농약 및 살균ㆍ살충제 제조업",20312.0,C,제조업,20.0,화학물질 및 화학제품 제조업; 의약품 제외,203.0,"비료, 농약 및 살균ㆍ살충제 제조업",20202.0,복합비료 제조업,비료 및 질소 화학물 제조업,IC = (C05B* or C05C* or C05D* or C05F* or C05G*)
C,제조업,24.0,화학 물질 및 화학제품 제조업; 의약품 제외,241.0,합성고무 및 플라스틱 물질 제조업,20201.0,C,제조업,20.0,화학물질 및 화학제품 제조업; 의약품 제외,202.0,합성고무 및 플라스틱 물질 제조업,20301.0,합성고무 제조업,합성고무 및 플라스틱 물질 제조업,IC = (C08B* or C08F* or C08G* or C08J* or C08K* or C08L*)
C,제조업,24.0,화학 물질 및 화학제품 제조업; 의약품 제외,242.0,기타 화학제품 제조업,20413.0,C,제조업,20.0,화학물질 및 화학제품 제조업; 의약품 제외,204.0,기타 화학제품 제조업,20423.0,인쇄잉크 제조업,"잉크, 페인트 코팅제 및 유사제품 제조업",IC = (C09D*)
C,제조업,24.0,의료용 물질 및 의약품 제조업,242.0,의약품 제조업,21210.0,C,제조업,21.0,의료용 물질 및 의약품 제조업,212.0,의약품 제조업,21210.0,완제 의약품 제조업,의료용 물질 및 의약품 제조업,IC = (A61P* or C07D* or C07J* or C07K* or C12N* or C12P* or C12Q* or C12R* or (A61K* not (A61K-008*)))
C,제조업,24.0,의료용 물질 및 의약품 제조업,242.0,기초 의약 물질 및 생물학적 제제 제조업,21101.0,C,제조업,21.0,의료용 물질 및 의약품 제조업,211.0,기초 의약 물질 및 생물학적 제제 제조업,21101.0,의약용 화합물 및 항생물질 제조업,의료용 물질 및 의약품 제조업,IC = (A61P* or C07D* or C07J* or C07K* or C12N* or C12P* or C12Q* or C12R* or (A61K* not (A61K-008*)))
C,제조업,24.0,의료용 물질 및 의약품 제조업,242.0,의료용품 및 기타 의약 관련제품 제조업,21300.0,C,제조업,21.0,의료용 물질 및 의약품 제조업,213.0,의료용품 및 기타 의약 관련제품 제조업,21300.0,의료용품 및 기타 의약 관련제품 제조업,의료용 물질 및 의약품 제조업,IC = (A61P* or C07D* or C07J* or C07K* or C12N* or C12P* or C12Q* or C12R* or (A61K* not (A61K-008*)))
C,제조업,24.0,"전자 부품, 컴퓨터, 영상, 음향 및 통신장비 제조업",242.0,마그네틱 및 광학 매체 제조업,26600.0,C,제조업,26.0,"전자 부품, 컴퓨터, 영상, 음향 및 통신장비 제조업",266.0,마그네틱 및 광학 매체 제조업,26600.0,마그네틱 및 광학 매체 제조업,마그네틱 및 광학 매체 제조업,IC = (G11B*)
C,제조업,24.0,화학 물질 및 화학제품 제조업; 의약품 제외,243.0,화학섬유 제조업,20501.0,C,제조업,20.0,화학물질 및 화학제품 제조업; 의약품 제외,205.0,화학섬유 제조업,20501.0,합성섬유 제조업,화학섬유 제조업,IC = (D01C* or D01D* or D01F*)
C,제조업,25.0,고무 및 플라스틱제품 제조업,251.0,고무제품 제조업,22111.0,C,제조업,22.0,고무 및 플라스틱제품 제조업,221.0,고무제품 제조업,22111.0,타이어 및 튜브 제조업,고무제품 및 플라스틱 제품 제조업,IC = (B29B* or B29C* or B29D* or B29K* or B29L* or A42B-003* or B60C* or B65D* or B67D* or C08C* or F16L*)
C,제조업,25.0,고무 및 플라스틱제품 제조업,252.0,플라스틱 제품 제조업,22211.0,C,제조업,22.0,고무 및 플라스틱제품 제조업,222.0,플라스틱 제품 제조업,22211.0,"플라스틱 선, 봉, 관 및 호스 제조업",고무제품 및 플라스틱 제품 제조업,IC = (B29B* or B29C* or B29D* or B29K* or B29L* or A42B-003* or B60C* or B65D* or B67D* or C08C* or F16L*)
C,제조업,26.0,비금속 광물제품 제조업,261.0,유리 및 유리제품 제조업,23111.0,C,제조업,23.0,비금속 광물제품 제조업,231.0,유리 및 유리제품 제조업,23110.0,판유리 제조업,비금속광물제품 제조업,IC = (A47K* or B24D* or B28B* or B28C* or B28D* or B32B* or C01B* or C03B* or C03C* or C04B* or E03D* or E04B* or E04C* or E04D* or E04F*)
C,제조업,26.0,비금속 광물제품 제조업,269.0,"내화, 비내화 요업제품 제조업",23221.0,C,제조업,23.0,비금속 광물제품 제조업,232.0,"내화, 비내화 요업제품 제조업",23211.0,가정용 및 장식용 도자기 제조업,비금속광물제품 제조업,IC = (A47K* or B24D* or B28B* or B28C* or B28D* or B32B* or C01B* or C03B* or C03C* or C04B* or E03D* or E04B* or E04C* or E04D* or E04F*)
C,제조업,26.0,비금속 광물제품 제조업,269.0,"시멘트, 석회, 플라스터 및 그 제품 제조업",23311.0,C,제조업,23.0,비금속 광물제품 제조업,233.0,"시멘트, 석회, 플라스터 및 그 제품 제조업",23311.0,시멘트 제조업,비금속광물제품 제조업,IC = (A47K* or B24D* or B28B* or B28C* or B28D* or B32B* or C01B* or C03B* or C03C* or C04B* or E03D* or E04B* or E04C* or E04D* or E04F*)
C,제조업,26.0,비금속 광물제품 제조업,269.0,기타 비금속 광물제품 제조업,23911.0,C,제조업,23.0,비금속 광물제품 제조업,239.0,기타 비금속 광물제품 제조업,23911.0,건설용 석제품 제조업,비금속광물제품 제조업,IC = (A47K* or B24D* or B28B* or B28C* or B28D* or B32B* or C01B* or C03B* or C03C* or C04B* or E03D* or E04B* or E04C* or E04D* or E04F*)
C,제조업,27.0,1차 금속 제조업,271.0,1차 철강 제조업,24111.0,C,제조업,24.0,1차 금속 제조업,241.0,1차 철강 제조업,24111.0,제철업,1차 철강제조업,IC = (B21C* or C21B* or C21C* or C21D* or C22C* or F16S* or F17C*)
C,제조업,27.0,1차 금속 제조업,272.0,1차 비철금속 제조업,24219.0,C,제조업,24.0,1차 금속 제조업,242.0,1차 비철금속 제조업,24219.0,"기타 비철금속 제련, 정련 및 합금 제조업",1차 비철금속 제조업,IC = (C22F* or C25C* or (G21H* not (G21H-001*)))
C,제조업,27.0,1차 금속 제조업,273.0,금속 주조업,24311.0,C,제조업,24.0,1차 금속 제조업,243.0,금속 주조업,24311.0,선철주물 주조업,금속주조업,IC = (B22D*)
C,제조업,28.0,금속 가공제품 제조업; 기계 및 가구 제외,281.0,"구조용 금속제품, 탱크 및 증기발생기 제조업",25111.0,C,제조업,25.0,금속가공제품 제조업; 기계 및 가구 제외,251.0,"구조용 금속제품, 탱크 및 증기발생기 제조업",25111.0,"금속 문, 창, 셔터 및 관련 제품 제조업","구조용 금속제품, 탱크, 증기발생기 제조업",IC = (A47H* or B21G* or F16T* or F17B* or F22B* or F22G* or F24D* or F24H* or G21B* or G21C* or G21D*)
C,제조업,28.0,금속 가공제품 제조업; 기계 및 가구 제외,281.0,기타 금속 가공제품 제조업,25999.0,C,제조업,25.0,금속가공제품 제조업; 기계 및 가구 제외,259.0,기타 금속 가공제품 제조업,25941.0,금속파스너 및 나사제품 제조업,기타 금속가공 제품 제조업,IC = (A01L* or A44B-011* or B21D* or B21F* or B21H* or B21J* or B21K* or B21L* or B22F* or B23B* or B23C* or B23D* or B23G* or B23H* or B25B* or B25C* or B25F* or B25G* or B25H* or B26B* or B26F* or B27B* or B27G* or C23D* or C25D* or E05D* or E05G* or F16B*)
C,제조업,28.0,기타 기계 및 장비 제조업,281.0,일반 목적용 기계 제조업,29133.0,C,제조업,29.0,기타 기계 및 장비 제조업,291.0,일반 목적용 기계 제조업,29133.0,"탭, 밸브 및 유사장치 제조업",사무용 이외의 일반기계 제조업,IC = (B01B* or B01D* or B04C* or B05B* or B23F* or B25D* or B41K* or B60S-003* or B65B* or B65C* or B65G* or B66B* or B66C* or B66D* or B66F* or B67C* or C10F* or C12L* or E01H* or E02C* or E21F* or F01B* or F01C* or F01D* or F01K* or F01M* or F01N* or F01P* or F02G* or F03B* or F03C* or F03G* or F04B* or F04C* or F04D* or F04F* or F15B* or F15C* or F15D* or F16C* or F16D* or F16F* or F16G* or F16H* or F16K* or F16M* or F17D* or F22-000* or F23B* or F23C* or F23D* or F23G* or F23H* or F23J* or F23K* or F23L* or F23M* or F23N* or F23R* or F24F* or F24J* or F25B* or F25C* or F25D* or F25J* or F27B* or F27D* or F28B* or F28C* or F28D* or F28F* or F28G* or G01G* or G07F* or G09D* or G09G*)
C,제조업,29.0,기타 기계 및 장비 제조업,292.0,특수 목적용 기계 제조업,29210.0,C,제조업,29.0,기타 기계 및 장비 제조업,292.0,특수 목적용 기계 제조업,29210.0,농업 및 임업용 기계 제조업,특수 기계제조업,IC = (A01F* or A01J* or A01M* or A21B* or A21C* or A22B* or A22C* or A23N* or A24C* or A41H* or A43D* or A62C* or B01F* or B02B* or B02C* or B03B* or B03C* or B03D* or B05C* or B06B* or B07B* or B07C* or B08B* or B21B* or B22C* or B23K* or B23P* or B23Q* or B24B* or B24C* or B25J* or B26D* or B27C* or B27F* or B27J* or B27L* or B30B* or B31B* or B31C* or B31D* or B31F* or B41B* or B41C* or B41D* or B41F* or B41G* or B41N* or B42B* or B42C* or B44B* or B44C* or B65H* or B67B* or B68F* or C14B* or C23C* or D01B* or D01G* or D01H* or D02G* or D02H* or D02J* or D03C* or D03D* or D03J* or D04B* or D04C* or D05B* or D05C* or D06B* or D06G* or D06H* or D21B* or D21D* or D21F* or D21G* or D99Z* or E02F* or E21B* or F01L* or F02B* or F02D* or F02F* or F16N* or F16P* or F26B* or H05H* or (A01B* not (A01B-027/02)) or (A42C* not (A42C-005*)) or (B41J* not (B41J-001* or B41J-002* or B41J-027* or B41J-029* or B41J-031* or B41J-032* or B41J-033* or B41J-035*)))
C,제조업,29.0,금속 가공제품 제조업; 기계 및 가구 제외,292.0,무기 및 총포탄 제조업,25200.0,C,제조업,25.0,금속가공제품 제조업; 기계 및 가구 제외,252.0,무기 및 총포탄 제조업,25200.0,무기 및 총포탄 제조업,무기 및 총포탄 제조업,IC = (F41A* or F41B* or F41C* or F41F* or F41G* or F41J* or F42C* or (F41H* not (F41H-007*)))
C,제조업,29.0,전기장비 제조업,293.0,가정용 기기 제조업,28511.0,C,제조업,28.0,전기장비 제조업,285.0,가정용 기기 제조업,28511.0,주방용 전기기기 제조업,가정용 기기 제조업,IC = (A45D* or A47G* or A47J* or A47L* or D06F* or E06C* or F24B* or F24C* or H05B*)
C,제조업,30.0,"전자 부품, 컴퓨터, 영상, 음향 및 통신장비 제조업",300.0,컴퓨터 및 주변 장치 제조업,26310.0,C,제조업,26.0,"전자 부품, 컴퓨터, 영상, 음향 및 통신장비 제조업",263.0,컴퓨터 및 주변 장치 제조업,26310.0,컴퓨터 제조업,컴퓨터 및 주변장치 제조업,IC = (B41J-002* or B41J-027* or B41J-029* or B41J-031* or B41J-032* or B41J-033* or B41J-035* or G06J* or G06F-001* or G06F-003* or G06K*)
C,제조업,31.0,"전자 부품, 컴퓨터, 영상, 음향 및 통신장비 제조업",311.0,전자 부품 제조업,26294.0,C,제조업,26.0,"전자 부품, 컴퓨터, 영상, 음향 및 통신장비 제조업",262.0,전자 부품 제조업,26295.0,"전자코일, 변성기 및 기타 전자유도자 제조업",전자부품 제조업,IC = (B05D* or B81B* or B81C* or B82B* or B82Y* or C30B* or G02F-001* or G12B* or H01C* or H01F* or H01G* or H01J* or H05K* or H03K* or H03L*)
C,제조업,31.0,전기장비 제조업,311.0,"전동기, 발전기 및 전기 변환ㆍ공급ㆍ제어 장치 제조업",28111.0,C,제조업,28.0,전기장비 제조업,281.0,"전동기, 발전기 및 전기 변환ㆍ공급ㆍ제어 장치 제조업",28111.0,전동기 및 발전기 제조업,"전동기, 발전기 및 전기변환, 공급, 제어장치 제조업",IC = (F99Z* or H02B* or H02J* or H02K* or H02N* or H02P*)
C,제조업,31.0,전기장비 제조업,313.0,절연선 및 케이블 제조업,28302.0,C,제조업,28.0,전기장비 제조업,283.0,절연선 및 케이블 제조업,28302.0,기타 절연선 및 케이블 제조업,절연선 및 케이블제조업,IC = (H01B* or H01H* or H01R* or H02G*)
C,제조업,31.0,전기장비 제조업,314.0,일차전지 및 축전지 제조업,28202.0,C,제조업,28.0,전기장비 제조업,282.0,일차전지 및 축전지 제조업,28202.0,축전지 제조업,일차전지 및 축전지 제조업,IC = (H01M*)
C,제조업,31.0,전기장비 제조업,315.0,전구 및 조명장치 제조업,28422.0,C,제조업,28.0,전기장비 제조업,284.0,전구 및 조명장치 제조업,28422.0,일반용 전기 조명장치 제조업,전구 및 조명장치 제조업,IC = (B60Q* or F21H* or F21K* or F21L* or F21S* or F21V* or F21W* or F21Y* or H01K*)
C,제조업,31.0,전기장비 제조업,319.0,기타 전기장비 제조업,28909.0,C,제조업,28.0,전기장비 제조업,289.0,기타 전기장비 제조업,28909.0,그 외 기타 전기장비 제조업,기타 전기장비 제조업,IC = (B60M* or C25F* or G08B* or G08G* or G10K* or H01T* or H02H* or H02M* or H05C* or H05F*)
C,제조업,32.0,"전자 부품, 컴퓨터, 영상, 음향 및 통신장비 제조업",321.0,반도체 제조업,26129.0,C,제조업,26.0,"전자 부품, 컴퓨터, 영상, 음향 및 통신장비 제조업",261.0,반도체 제조업,26120.0,"다이오드, 트랜지스터 및 유사 반도체소자 제조업",반도체 제조업,IC = (G11C* or H01L*)
C,제조업,32.0,"전자 부품, 컴퓨터, 영상, 음향 및 통신장비 제조업",322.0,통신 및 방송장비 제조업,26410.0,C,제조업,26.0,"전자 부품, 컴퓨터, 영상, 음향 및 통신장비 제조업",264.0,통신 및 방송장비 제조업,26410.0,유선 통신장비 제조업,통신 및 방송 장비 제조업,IC = (G03H* or H01P* or H01Q* or H01S* or H03B* or H03C* or H03D* or H03F* or H03G* or H03H* or H03M* or H04B* or H04J* or H04K* or H04L* or H04M* or H04Q* or H04S* or H04W* or H99Z*)
C,제조업,32.0,"전자 부품, 컴퓨터, 영상, 음향 및 통신장비 제조업",323.0,영상 및 음향 기기 제조업,26519.0,C,제조업,26.0,"전자 부품, 컴퓨터, 영상, 음향 및 통신장비 제조업",265.0,영상 및 음향 기기 제조업,26519.0,비디오 및 기타 영상기기 제조업,영상 및 음향기기 제조업,IC = (G03B-031* or G10L* or H03J* or H04H* or H04N* or H04R*)
C,제조업,33.0,"의료, 정밀, 광학 기기 및 시계 제조업",331.0,의료용 기기 제조업,27112.0,C,제조업,27.0,"의료, 정밀, 광학 기기 및 시계 제조업",271.0,의료용 기기 제조업,27112.0,전기식 진단 및 요법 기기 제조업,의료용 기기 제조업,IC = (A61B* or A61C* or A61D* or A61F* or A61G* or A61H* or A61J* or A61L* or A61M* or A61N* or A62B* or B01L* or B04B* or C12M* or G01T* or G03B-042* or H05G*)
C,제조업,33.0,"의료, 정밀, 광학 기기 및 시계 제조업",331.0,"측정, 시험, 항해, 제어 및 기타 정밀 기기 제조업; 광학 기기 제외",27213.0,C,제조업,27.0,"의료, 정밀, 광학 기기 및 시계 제조업",272.0,"측정, 시험, 항해, 제어 및 기타 정밀 기기 제조업; 광학 기기 제외",27213.0,"물질 검사, 측정 및 분석기구 제조업","측정, 시험, 향해, 제어, 및 기타 정밀기기 제조업",IC = (G01B* or G01C* or G01D* or G01F* or G01H* or G01J* or G01K* or G01L* or G01M* or G01N* or G01P* or G01Q* or G01R* or G01S* or G01V* or G01W* or G05B* or G05D* or G05F* or G21K* or G08C*)
C,제조업,33.0,"의료, 정밀, 광학 기기 및 시계 제조업",332.0,사진장비 및 광학 기기 제조업,27302.0,C,제조업,27.0,"의료, 정밀, 광학 기기 및 시계 제조업",273.0,사진장비 및 광학 기기 제조업,27322.0,"사진기, 영사기 및 관련 장비 제조업","안경, 사진장비 및 기타 광학기기 제조업",IC = (G02B* or G02C* or G03D* or G02F-002* or G02F-003* or G02F-007* or G03C-005* or G03C-009* or G03C-011* or G03F* or (G03B* not (G03B-031* or G03B-042*)))
C,제조업,33.0,"의료, 정밀, 광학 기기 및 시계 제조업",333.0,시계 및 시계 부품 제조업,27400.0,C,제조업,27.0,"의료, 정밀, 광학 기기 및 시계 제조업",274.0,시계 및 시계 부품 제조업,27401.0,시계 제조업,시계 및 시계부품 제조업,IC = (G04B* or G04C* or G04D* or G04F* or G04G* or G04R*)
C,제조업,34.0,자동차 및 트레일러 제조업,341.0,자동차용 엔진 및 자동차 제조업,30122.0,C,제조업,30.0,자동차 및 트레일러 제조업,301.0,자동차용 엔진 및 자동차 제조업,30122.0,화물자동차 및 특수 목적용 자동차 제조업,자동차 제조업,IC = (B60B* or B60D* or B60F* or B60G* or B60H* or B60J* or B60K* or B60N* or B60P* or B60R* or B60T* or B60W* or B62D* or E05F* or F02M* or F02N* or F02P* or F16J* or G05G* or (B60L* not (B60L-013*)) or (B60S* not (B60S-003*)))
C,제조업,34.0,자동차 및 트레일러 제조업,342.0,자동차 차체 및 트레일러 제조업,30203.0,C,제조업,30.0,자동차 및 트레일러 제조업,302.0,자동차 차체 및 트레일러 제조업,30202.0,트레일러 및 세미트레일러 제조업,자동차 제조업,IC = (B60B* or B60D* or B60F* or B60G* or B60H* or B60J* or B60K* or B60N* or B60P* or B60R* or B60T* or B60W* or B62D* or E05F* or F02M* or F02N* or F02P* or F16J* or G05G* or (B60L* not (B60L-013*)) or (B60S* not (B60S-003*)))
C,제조업,34.0,자동차 및 트레일러 제조업,343.0,자동차 재제조 부품 제조업,30400.0,C,제조업,30.0,자동차 및 트레일러 제조업,304.0,자동차 재제조 부품 제조업,30310.0,자동차 엔진용 부품 제조업,자동차 제조업,IC = (B60B* or B60D* or B60F* or B60G* or B60H* or B60J* or B60K* or B60N* or B60P* or B60R* or B60T* or B60W* or B62D* or E05F* or F02M* or F02N* or F02P* or F16J* or G05G* or (B60L* not (B60L-013*)) or (B60S* not (B60S-003*)))
C,제조업,35.0,기타 운송장비 제조업,351.0,선박 및 보트 건조업,31111.0,C,제조업,31.0,기타 운송장비 제조업,311.0,선박 및 보트 건조업,31111.0,강선 건조업,선박 제조업,IC = (B60V* or B63B* or B63C* or B63G* or B63H* or B63J*)
C,제조업,35.0,기타 운송장비 제조업,352.0,철도장비 제조업,31202.0,C,제조업,31.0,기타 운송장비 제조업,312.0,철도장비 제조업,31202.0,철도차량 부품 및 관련 장치물 제조업,철도장비 제조업,IC = (B60L-013* or B61B* or B61C* or B61D* or B61F* or B61G* or B61H* or B61J* or B61K* or B61L* or E01B*)
C,제조업,35.0,기타 운송장비 제조업,353.0,"항공기, 우주선 및 부품 제조업",31322.0,C,제조업,31.0,기타 운송장비 제조업,313.0,"항공기, 우주선 및 부품 제조업",31322.0,항공기용 부품 제조업,항공기 제조업,IC = (B64B* or B64C* or B64D* or B64F* or B64G* or F02K* or F03H*)
C,제조업,35.0,기타 운송장비 제조업,359.0,그 외 기타 운송장비 제조업,31920.0,C,제조업,31.0,기타 운송장비 제조업,319.0,그 외 기타 운송장비 제조업,31920.0,모터사이클 제조업,모터사이클 제조업,IC = (B62J* or B62K-011* or B62M-006* or B62M-007*)
C,제조업,36.0,가구 제조업,361.0,가구 제조업,32091.0,C,제조업,32.0,가구 제조업,320.0,가구 제조업,32091.0,금속 가구 제조업,가구 제조업,IC = (A47B* or A47C* or A47D* or A47F*)
C,제조업,36.0,기타 제품 제조업,369.0,귀금속 및 장신용품 제조업,33110.0,C,제조업,33.0,기타 제품 제조업,331.0,귀금속 및 장신용품 제조업,33110.0,귀금속 및 관련 제품 제조업,기타제품 제조업,IC = (A41G* or A45B* or A45F* or A46B* or A46D* or A63B* or A63C* or A63D* or A63F* or A63G* or A63H* or A63J* or A63K* or A99Z* or B43K* or B43L* or B43M* or B44D* or B44F* or B68G* or B99Z* or D07B* or F23Q* or G09B* or G09F* or G10B* or G10C* or G10D* or G10F* or G10G* or G10H* or (A44B* not (A44B-011*)) or (A44C* not (A44C-023*)))
C,제조업,36.0,기타 제품 제조업,369.0,악기 제조업,33209.0,C,제조업,33.0,기타 제품 제조업,332.0,악기 제조업,33202.0,현악기 제조업,기타제품 제조업,IC = (A41G* or A45B* or A45F* or A46B* or A46D* or A63B* or A63C* or A63D* or A63F* or A63G* or A63H* or A63J* or A63K* or A99Z* or B43K* or B43L* or B43M* or B44D* or B44F* or B68G* or B99Z* or D07B* or F23Q* or G09B* or G09F* or G10B* or G10C* or G10D* or G10F* or G10G* or G10H* or (A44B* not (A44B-011*)) or (A44C* not (A44C-023*)))
C,제조업,36.0,기타 제품 제조업,369.0,운동 및 경기용구 제조업,33301.0,C,제조업,33.0,기타 제품 제조업,333.0,운동 및 경기용구 제조업,33301.0,"체조, 육상 및 체력 단련용 장비 제조업",기타제품 제조업,IC = (A41G* or A45B* or A45F* or A46B* or A46D* or A63B* or A63C* or A63D* or A63F* or A63G* or A63H* or A63J* or A63K* or A99Z* or B43K* or B43L* or B43M* or B44D* or B44F* or B68G* or B99Z* or D07B* or F23Q* or G09B* or G09F* or G10B* or G10C* or G10D* or G10F* or G10G* or G10H* or (A44B* not (A44B-011*)) or (A44C* not (A44C-023*)))
C,제조업,36.0,기타 제품 제조업,369.0,"인형, 장난감 및 오락용품 제조업",33401.0,C,제조업,33.0,기타 제품 제조업,334.0,"인형, 장난감 및 오락용품 제조업",33401.0,인형 및 장난감 제조업,기타제품 제조업,IC = (A41G* or A45B* or A45F* or A46B* or A46D* or A63B* or A63C* or A63D* or A63F* or A63G* or A63H* or A63J* or A63K* or A99Z* or B43K* or B43L* or B43M* or B44D* or B44F* or B68G* or B99Z* or D07B* or F23Q* or G09B* or G09F* or G10B* or G10C* or G10D* or G10F* or G10G* or G10H* or (A44B* not (A44B-011*)) or (A44C* not (A44C-023*)))
C,제조업,36.0,기타 제품 제조업,369.0,그 외 기타 제품 제조업,33931.0,C,제조업,33.0,기타 제품 제조업,339.0,그 외 기타 제품 제조업,33931.0,가발 및 유사 제품 제조업,기타제품 제조업,IC = (A41G* or A45B* or A45F* or A46B* or A46D* or A63B* or A63C* or A63D* or A63F* or A63G* or A63H* or A63J* or A63K* or A99Z* or B43K* or B43L* or B43M* or B44D* or B44F* or B68G* or B99Z* or D07B* or F23Q* or G09B* or G09F* or G10B* or G10C* or G10D* or G10F* or G10G* or G10H* or (A44B* not (A44B-011*)) or (A44C* not (A44C-023*)))
D,"전기, 가스, 증기 및 공기 조절 공급업",40.0,"전기, 가스, 증기 및 공기 조절 공급업",401.0,전기업,35114.0,D,"전기, 가스, 증기 및 공기 조절 공급업",35.0,"전기, 가스, 증기 및 공기 조절 공급업",351.0,전기업,35119.0,기타 발전업,"전기, 가스, 증기, 수도",IC = (F02C* or F03D* or H02S* or G21H-001*)
D,"전기, 가스, 증기 및 공기 조절 공급업",40.0,"전기, 가스, 증기 및 공기 조절 공급업",402.0,연료용 가스 제조 및 배관공급업,35200.0,D,"전기, 가스, 증기 및 공기 조절 공급업",35.0,"전기, 가스, 증기 및 공기 조절 공급업",352.0,연료용 가스 제조 및 배관공급업,35200.0,가스 제조 및 배관공급업,"전기, 가스, 증기, 수도",IC = (F02C* or F03D* or H02S* or G21H-001*)
D,"전기, 가스, 증기 및 공기 조절 공급업",40.0,"전기, 가스, 증기 및 공기 조절 공급업",403.0,"증기, 냉ㆍ온수 및 공기 조절 공급업",35300.0,D,"전기, 가스, 증기 및 공기 조절 공급업",35.0,"전기, 가스, 증기 및 공기 조절 공급업",353.0,"증기, 냉ㆍ온수 및 공기 조절 공급업",35300.0,"증기, 냉온수 및 공기조절 공급업","전기, 가스, 증기, 수도",IC = (F02C* or F03D* or H02S* or G21H-001*)
E,"수도, 하수 및 폐기물 처리, 원료 재생업",35.0,"폐기물 수집, 운반, 처리 및 원료 재생업",351.0,"해체, 선별 및 원료 재생업",38311.0,E,"수도, 하수 및 폐기물 처리, 원료 재생업",38.0,"폐기물 수집, 운반, 처리 및 원료 재생업",383.0,"해체, 선별 및 원료 재생업",38301.0,금속원료 재생업,"하수, 폐기물처리, 원료재생, 환경복원",IC = (B09B* or B09C* or B65F* or C02F* or G21F*)
E,"수도, 하수 및 폐기물 처리, 원료 재생업",37.0,환경 정화 및 복원업,372.0,환경 정화 및 복원업,39001.0,E,"수도, 하수 및 폐기물 처리, 원료 재생업",39.0,환경 정화 및 복원업,390.0,환경 정화 및 복원업,39001.0,토양 및 지하수 정화업,"하수, 폐기물처리, 원료재생, 환경복원",IC = (B09B* or B09C* or B65F* or C02F* or G21F*)
E,"수도, 하수 및 폐기물 처리, 원료 재생업",74.0,"하수, 폐수 및 분뇨 처리업",749.0,"하수, 폐수 및 분뇨 처리업",37011.0,E,"수도, 하수 및 폐기물 처리, 원료 재생업",37.0,"하수, 폐수 및 분뇨 처리업",370.0,"하수, 폐수 및 분뇨 처리업",37011.0,하수 처리업,"하수, 폐기물처리, 원료재생, 환경복원",IC = (B09B* or B09C* or B65F* or C02F* or G21F*)
E,"수도, 하수 및 폐기물 처리, 원료 재생업",90.0,"폐기물 수집, 운반, 처리 및 원료 재생업",900.0,"폐기물 수집, 운반업",38110.0,E,"수도, 하수 및 폐기물 처리, 원료 재생업",38.0,"폐기물 수집, 운반, 처리 및 원료 재생업",381.0,"폐기물 수집, 운반업",38110.0,"지정 외 폐기물 수집, 운반업","하수, 폐기물처리, 원료재생, 환경복원",IC = (B09B* or B09C* or B65F* or C02F* or G21F*)
E,"수도, 하수 및 폐기물 처리, 원료 재생업",90.0,"폐기물 수집, 운반, 처리 및 원료 재생업",900.0,폐기물 처리업,38210.0,E,"수도, 하수 및 폐기물 처리, 원료 재생업",38.0,"폐기물 수집, 운반, 처리 및 원료 재생업",382.0,폐기물 처리업,38210.0,지정 외 폐기물 처리업,"하수, 폐기물처리, 원료재생, 환경복원",IC = (B09B* or B09C* or B65F* or C02F* or G21F*)
F,건 설 업,45.0,종합 건설업,451.0,건물 건설업,41112.0,F,건설업,41.0,종합 건설업,411.0,건물 건설업,41112.0,아파트 건설업,"건설업, 건축기술 서비스",IC = (E01C* or E01D* or E01F* or E02B* or E02D* or E03B* or E03C* or E03F* or E04H* or E05B* or E05C* or E06B* or E21C* or E99Z* or F42D*)
F,건 설 업,45.0,종합 건설업,451.0,토목 건설업,41229.0,F,건설업,41.0,종합 건설업,412.0,토목 건설업,41222.0,"교량, 터널 및 철도 건설업","건설업, 건축기술 서비스",IC = (E01C* or E01D* or E01F* or E02B* or E02D* or E03B* or E03C* or E03F* or E04H* or E05B* or E05C* or E06B* or E21C* or E99Z* or F42D*)
F,건 설 업,45.0,전문직별 공사업,452.0,실내건축 및 건축마무리 공사업,42491.0,F,건설업,42.0,전문직별 공사업,424.0,실내건축 및 건축마무리 공사업,42491.0,"미장, 타일 및 방수 공사업","건설업, 건축기술 서비스",IC = (E01C* or E01D* or E01F* or E02B* or E02D* or E03B* or E03C* or E03F* or E04H* or E05B* or E05C* or E06B* or E21C* or E99Z* or F42D*)
F,건 설 업,45.0,전문직별 공사업,452.0,기반조성 및 시설물 축조관련 전문공사업,42122.0,F,건설업,42.0,전문직별 공사업,421.0,기반조성 및 시설물 축조관련 전문공사업,42122.0,"보링, 그라우팅 및 굴정 공사업","건설업, 건축기술 서비스",IC = (E01C* or E01D* or E01F* or E02B* or E02D* or E03B* or E03C* or E03F* or E04H* or E05B* or E05C* or E06B* or E21C* or E99Z* or F42D*)
F,건 설 업,45.0,전문직별 공사업,452.0,건물설비 설치 공사업,42201.0,F,건설업,42.0,전문직별 공사업,422.0,건물설비 설치 공사업,42201.0,배관 및 냉ㆍ난방 공사업,"건설업, 건축기술 서비스",IC = (E01C* or E01D* or E01F* or E02B* or E02D* or E03B* or E03C* or E03F* or E04H* or E05B* or E05C* or E06B* or E21C* or E99Z* or F42D*)
F,건 설 업,45.0,전문직별 공사업,452.0,시설물 유지관리 공사업,42500.0,F,건설업,42.0,전문직별 공사업,425.0,시설물 유지관리 공사업,42110.0,건물 및 구축물 해체 공사업,"건설업, 건축기술 서비스",IC = (E01C* or E01D* or E01F* or E02B* or E02D* or E03B* or E03C* or E03F* or E04H* or E05B* or E05C* or E06B* or E21C* or E99Z* or F42D*)
F,건 설 업,45.0,전문직별 공사업,452.0,전기 및 통신 공사업,42311.0,F,건설업,42.0,전문직별 공사업,423.0,전기 및 통신 공사업,42311.0,일반전기 공사업,"건설업, 건축기술 서비스",IC = (E01C* or E01D* or E01F* or E02B* or E02D* or E03B* or E03C* or E03F* or E04H* or E05B* or E05C* or E06B* or E21C* or E99Z* or F42D*)
F,건 설 업,45.0,전문직별 공사업,453.0,건설장비 운영업,42600.0,F,건설업,42.0,전문직별 공사업,426.0,건설장비 운영업,42500.0,건설장비 운영업,"건설업, 건축기술 서비스",IC = (E01C* or E01D* or E01F* or E02B* or E02D* or E03B* or E03C* or E03F* or E04H* or E05B* or E05C* or E06B* or E21C* or E99Z* or F42D*)
J,정보통신업,64.0,정보서비스업,642.0,"자료 처리, 호스팅, 포털 및 기타 인터넷 정보 매개 서비스업",63120.0,J,정보통신업,63.0,정보서비스업,631.0,"자료 처리, 호스팅, 포털 및 기타 인터넷 정보 매개 서비스업",63120.0,포털 및 기타 인터넷 정보 매개 서비스업,"컴퓨터 프로그래밍, 정보서비스업",IC = (G06D* or G06E* or G06G* or G06N* or G06Q* or G06T* or G09C* or (G06F* not (G06F-001* or G06F-003*)))
J,정보통신업,72.0,"컴퓨터 프로그래밍, 시스템 통합 및 관리업",721.0,"컴퓨터 프로그래밍, 시스템 통합 및 관리업",62021.0,J,정보통신업,62.0,"컴퓨터 프로그래밍, 시스템 통합 및 관리업",620.0,"컴퓨터 프로그래밍, 시스템 통합 및 관리업",62021.0,컴퓨터시스템 통합 자문 및 구축 서비스업,"컴퓨터 프로그래밍, 정보서비스업",IC = (G06D* or G06E* or G06G* or G06N* or G06Q* or G06T* or G09C* or (G06F* not (G06F-001* or G06F-003*)))
J,정보통신업,72.0,출판업,722.0,소프트웨어 개발 및 공급업,58222.0,J,정보통신업,58.0,출판업,582.0,소프트웨어 개발 및 공급업,58222.0,응용 소프트웨어 개발 및 공급업,"컴퓨터 프로그래밍, 정보서비스업",IC = (G06D* or G06E* or G06G* or G06N* or G06Q* or G06T* or G09C* or (G06F* not (G06F-001* or G06F-003*)))
M,"전문, 과학 및 기술 서비스업",74.0,"건축 기술, 엔지니어링 및 기타 과학기술 서비스업",742.0,"건축 기술, 엔지니어링 및 관련 기술 서비스업",72111.0,M,"전문, 과학 및 기술 서비스업",72.0,"건축 기술, 엔지니어링 및 기타 과학기술 서비스업",721.0,"건축 기술, 엔지니어링 및 관련 기술 서비스업",72111.0,건축설계 및 관련 서비스업,"건설업, 건축기술 서비스",IC = (E01C* or E01D* or E01F* or E02B* or E02D* or E03B* or E03C* or E03F* or E04H* or E05B* or E05C* or E06B* or E21C* or E99Z* or F42D*)
